"","site","class","ACE2"
"1",445,"3","None"
"2",345,"3","None"
"3",443,"3","None"
"4",500,"3","#C640D7"
"5",446,"3","#C640D7"
"6",501,"3","#C640D7"
"7",447,"3","None"
"8",498,"3","#C640D7"
"9",499,"3","None"
"10",452,"3","None"
"11",451,"3","None"
"12",438,"3","None"
"13",346,"3","None"
"14",449,"3","#C640D7"
"15",496,"3","#C640D7"
"16",442,"3","None"
"17",444,"3","None"
"18",439,"3","None"
"19",450,"3","None"
"20",437,"3","None"
"21",440,"3","None"
"22",441,"3","None"
"23",448,"3","None"
"24",472,"2","None"
"25",493,"2","#C640D7"
"26",494,"2","None"
"27",492,"2","None"
"28",483,"2","None"
"29",484,"2","None"
"30",485,"2","None"
"31",490,"2","None"
"32",491,"2","None"
"33",331,"n","None"
"34",332,"n","None"
"35",333,"n","None"
"36",334,"n","None"
"37",335,"n","None"
"38",336,"n","None"
"39",337,"n","None"
"40",338,"n","None"
"41",339,"n","None"
"42",340,"n","None"
"43",341,"n","None"
"44",342,"n","None"
"45",343,"n","None"
"46",344,"n","None"
"47",385,"4","None"
"48",386,"4","None"
"49",347,"n","None"
"50",348,"n","None"
"51",349,"n","None"
"52",350,"n","None"
"53",351,"n","None"
"54",352,"n","None"
"55",353,"n","None"
"56",354,"n","None"
"57",355,"n","None"
"58",356,"n","None"
"59",357,"n","None"
"60",358,"n","None"
"61",359,"n","None"
"62",360,"n","None"
"63",361,"n","None"
"64",362,"n","None"
"65",363,"n","None"
"66",364,"n","None"
"67",365,"n","None"
"68",366,"n","None"
"69",367,"n","None"
"70",368,"n","None"
"71",369,"4","None"
"72",370,"4","None"
"73",371,"4","None"
"74",372,"4","None"
"75",373,"n","None"
"76",374,"4","None"
"77",375,"4","None"
"78",376,"4","None"
"79",377,"4","None"
"80",378,"4","None"
"81",379,"4","None"
"82",380,"4","None"
"83",381,"4","None"
"84",382,"4","None"
"85",383,"4","None"
"86",384,"4","None"
"87",425,"n","None"
"88",426,"n","None"
"89",387,"n","None"
"90",388,"n","None"
"91",389,"4","None"
"92",390,"4","None"
"93",391,"n","None"
"94",392,"4","None"
"95",393,"n","None"
"96",394,"n","None"
"97",395,"n","None"
"98",396,"n","None"
"99",397,"n","None"
"100",398,"n","None"
"101",399,"n","None"
"102",400,"n","None"
"103",401,"n","None"
"104",402,"n","None"
"105",403,"n","None"
"106",404,"n","None"
"107",525,"n","None"
"108",406,"n","None"
"109",407,"n","None"
"110",408,"n","None"
"111",409,"n","None"
"112",410,"n","None"
"113",411,"n","None"
"114",412,"n","None"
"115",413,"n","None"
"116",414,"n","None"
"117",415,"n","None"
"118",416,"n","None"
"119",497,"n","None"
"120",418,"n","None"
"121",419,"n","None"
"122",433,"n","None"
"123",461,"n","None"
"124",422,"n","None"
"125",423,"n","None"
"126",424,"n","None"
"127",465,"n","None"
"128",466,"n","None"
"129",427,"4","None"
"130",428,"4","None"
"131",429,"4","None"
"132",430,"4","None"
"133",431,"n","None"
"134",432,"n","None"
"135",526,"n","None"
"136",434,"n","None"
"137",435,"n","None"
"138",436,"n","None"
"139",477,"n","None"
"140",478,"n","None"
"141",479,"n","None"
"142",480,"n","None"
"143",481,"n","None"
"144",482,"n","None"
"145",523,"n","None"
"146",524,"n","None"
"147",471,"n","None"
"148",512,"n","None"
"149",527,"n","None"
"150",488,"n","None"
"151",529,"n","None"
"152",530,"n","None"
"153",531,"n","None"
"154",505,"n","#C640D7"
"155",506,"n","None"
"156",454,"n","None"
"157",495,"n","None"
"158",469,"n","None"
"159",470,"n","None"
"160",510,"n","None"
"161",511,"n","None"
"162",513,"n","None"
"163",514,"n","None"
"164",462,"n","None"
"165",463,"n","None"
"166",464,"n","None"
"167",518,"n","None"
"168",519,"n","None"
"169",467,"n","None"
"170",468,"n","None"
"171",522,"n","None"
"172",509,"n","None"
"173",515,"n","None"
"174",516,"n","None"
"175",517,"n","None"
"176",508,"n","None"
"177",520,"n","None"
"178",521,"n","None"
"179",503,"n","None"
"180",528,"n","None"
"181",502,"n","#C640D7"
"182",507,"n","None"
"183",456,"1+2","#C640D7"
"184",487,"1+2","#C640D7"
"185",455,"1+2","#C640D7"
"186",486,"1+2","#C640D7"
"187",489,"1+2","#C640D7"
"188",421,"1","None"
"189",420,"1","None"
"190",453,"1","#C640D7"
"191",405,"1","None"
"192",460,"1","None"
"193",417,"1","#C640D7"
"194",457,"1","None"
"195",459,"1","None"
"196",476,"1","None"
"197",473,"1","None"
"198",474,"1","None"
"199",458,"1","None"
"200",475,"1","#C640D7"
"201",504,"1","None"
